assets/pipez/blockstates/energy_pipe.json	962	60bb8647bce2f1d5648f3267eaea18a7309f53592497ef29104825ac8eb5ba55
assets/pipez/blockstates/fluid_pipe.json	955	6759e35580d3b55896638f9541bd5042076506e833899f59e60f442e5d1c83e0
assets/pipez/blockstates/gas_pipe.json	941	cce0412cfd51c50b25a9ae2cd78d1724b8538e5d7abdec1adfa4e5e530818817
assets/pipez/blockstates/item_pipe.json	948	5914d30684f52e1edcc541c24a9dfe33c05b3a7437acb47a31819daed1822767
assets/pipez/blockstates/universal_pipe.json	983	4a13801eaa000e051bdb0c467f251c957a5474512a37e247a10438f1e388de99
assets/pipez/models/block/energy_pipe_core.json	131	25e6cba74f7de80cd4a270337c6f96c66a8b187179286e84683837550e44db11
assets/pipez/models/block/energy_pipe_extract.json	142	eef4b6d808849859a527db7b5f6e2695fcd856990e66a50b8ae2b90fa73efa67
assets/pipez/models/block/energy_pipe_part.json	131	f3e11bb6fa90fa197bd9c6def10b581e86108f89570ed1a9a0bfe6e5bdb2810e
assets/pipez/models/block/fluid_pipe_core.json	129	675b6711e90e490a5b4eb355f32895ca49e4e0a37edfd35571083fc34e4b7f2f
assets/pipez/models/block/fluid_pipe_extract.json	140	dca202d7ac27a19aa9c4ef3915a7ffa3df4656455dd3993fbf5997e24601d158
assets/pipez/models/block/fluid_pipe_part.json	129	d51c4f685b0224879d710b76e89edee2aff4297b48b20b015c875cf903a9e095
assets/pipez/models/block/gas_pipe_core.json	125	7c9074070f951c6a2fcda38a7491fedff6bed02c1c891fd07d188eaf945aba02
assets/pipez/models/block/gas_pipe_extract.json	136	16bd7b348e5ff1363918cb6ffd4836a9cffa56b5cdfd49bfd60e508fe250b5b2
assets/pipez/models/block/gas_pipe_part.json	125	7e316755b4fc75779ab3e1a0cdc3a1057f3f8025a10d6d6505359f1bc2f80153
assets/pipez/models/block/item_pipe_core.json	127	28a6bace90ee66fe5cee183e4feced192c7291d2a3f1905d7197a1e61d715f48
assets/pipez/models/block/item_pipe_extract.json	138	04b112cfb84499f2689c142ca9623f1abde795b76bc3d7b6f287d4d48496bbbc
assets/pipez/models/block/item_pipe_part.json	127	dc5ec4a25822e9441ec88da9ff6738f2319c95f6ddfac464fa0ea6c8ee9c7d57
assets/pipez/models/block/pipe_core.json	1027	a9af5ed255a25371e1382dcecc6c026cc7f419618f54c2e2a90df4faa9a87631
assets/pipez/models/block/pipe_extract.json	501	1d258829f0b662e8951353ff68c0ce5f7a81c398328f04e1657c1118f29204ff
assets/pipez/models/block/pipe_part.json	478	028ac669f10e419996c5836226caeccf9eb41da0a070720050be1fdff1495a9d
assets/pipez/models/block/universal_pipe_core.json	137	9964fa8da94e5f37c2d25c6921bcb5f2a3060b93a0e9188dcde9bbfed4c0cd67
assets/pipez/models/block/universal_pipe_extract.json	148	6f81f5b2b26bbf45482798aa906c7a530466a865a21479ce1e9d251f9e07134c
assets/pipez/models/block/universal_pipe_part.json	137	b464f49d8c0acc9b822ce8d6024b1e04ae03c3128b18b678d4f3e2f48bcf9d49
assets/pipez/textures/block/energy_pipe.png	190	9569fbda92f490bc4c522a76e984080371eb622de2b47831c1d1f95d3c8f7a01
assets/pipez/textures/block/fluid_pipe.png	191	905172439250d29401218498c487000e772ba4456100802db316814e52c07af8
assets/pipez/textures/block/gas_pipe.png	190	9586737774f5ba3b59eb2f463955d7ca29f2b4738e63c1a317078615843e70e9
assets/pipez/textures/block/item_pipe.png	191	b6a080f042d6880786b130ae8f66c2cfa2333dd36f365d9b86b9dc2aba365ec6
assets/pipez/textures/block/universal_pipe.png	178	21dc590f3f8000bac74495bc91f7148d1fadb024b5b85425baae29747e646625
