anchor_id	case_id	x	y	z	block_id	blockstate	block_entity_id	extracting	disconnected	notes
roster-item	type-roster	196	100	196	pipez:item_pipe	{"down":"false","east":"false","has_data":"false","north":"false","south":"false","up":"false","waterlogged":"false","west":"false"}				isolated exact type texture and core
roster-fluid	type-roster	202	100	196	pipez:fluid_pipe	{"down":"false","east":"false","has_data":"false","north":"false","south":"false","up":"false","waterlogged":"false","west":"false"}				isolated exact type texture and core
roster-energy	type-roster	208	100	196	pipez:energy_pipe	{"down":"false","east":"false","has_data":"false","north":"false","south":"false","up":"false","waterlogged":"false","west":"false"}				isolated exact type texture and core
roster-universal	type-roster	214	100	196	pipez:universal_pipe	{"down":"false","east":"false","has_data":"false","north":"false","south":"false","up":"false","waterlogged":"false","west":"false"}				isolated exact type texture and core
roster-gas	type-roster	220	100	196	pipez:gas_pipe	{"down":"false","east":"false","has_data":"false","north":"false","south":"false","up":"false","waterlogged":"false","west":"false"}				isolated exact type texture and core
straight-item-north-end	straight-topology	196	100	204	pipez:item_pipe	{"down":"false","east":"false","has_data":"false","north":"false","south":"true","up":"false","waterlogged":"false","west":"false"}				same-type persisted north/south topology
straight-item-middle	straight-topology	196	100	205	pipez:item_pipe	{"down":"false","east":"false","has_data":"false","north":"true","south":"true","up":"false","waterlogged":"false","west":"false"}				same-type persisted north/south topology
straight-item-south-end	straight-topology	196	100	206	pipez:item_pipe	{"down":"false","east":"false","has_data":"false","north":"true","south":"false","up":"false","waterlogged":"false","west":"false"}				same-type persisted north/south topology
straight-fluid-north-end	straight-topology	202	100	204	pipez:fluid_pipe	{"down":"false","east":"false","has_data":"false","north":"false","south":"true","up":"false","waterlogged":"false","west":"false"}				same-type persisted north/south topology
straight-fluid-middle	straight-topology	202	100	205	pipez:fluid_pipe	{"down":"false","east":"false","has_data":"false","north":"true","south":"true","up":"false","waterlogged":"false","west":"false"}				same-type persisted north/south topology
straight-fluid-south-end	straight-topology	202	100	206	pipez:fluid_pipe	{"down":"false","east":"false","has_data":"false","north":"true","south":"false","up":"false","waterlogged":"false","west":"false"}				same-type persisted north/south topology
straight-energy-north-end	straight-topology	208	100	204	pipez:energy_pipe	{"down":"false","east":"false","has_data":"false","north":"false","south":"true","up":"false","waterlogged":"false","west":"false"}				same-type persisted north/south topology
straight-energy-middle	straight-topology	208	100	205	pipez:energy_pipe	{"down":"false","east":"false","has_data":"false","north":"true","south":"true","up":"false","waterlogged":"false","west":"false"}				same-type persisted north/south topology
straight-energy-south-end	straight-topology	208	100	206	pipez:energy_pipe	{"down":"false","east":"false","has_data":"false","north":"true","south":"false","up":"false","waterlogged":"false","west":"false"}				same-type persisted north/south topology
straight-universal-north-end	straight-topology	214	100	204	pipez:universal_pipe	{"down":"false","east":"false","has_data":"false","north":"false","south":"true","up":"false","waterlogged":"false","west":"false"}				same-type persisted north/south topology
straight-universal-middle	straight-topology	214	100	205	pipez:universal_pipe	{"down":"false","east":"false","has_data":"false","north":"true","south":"true","up":"false","waterlogged":"false","west":"false"}				same-type persisted north/south topology
straight-universal-south-end	straight-topology	214	100	206	pipez:universal_pipe	{"down":"false","east":"false","has_data":"false","north":"true","south":"false","up":"false","waterlogged":"false","west":"false"}				same-type persisted north/south topology
straight-gas-north-end	straight-topology	220	100	204	pipez:gas_pipe	{"down":"false","east":"false","has_data":"false","north":"false","south":"true","up":"false","waterlogged":"false","west":"false"}				same-type persisted north/south topology
straight-gas-middle	straight-topology	220	100	205	pipez:gas_pipe	{"down":"false","east":"false","has_data":"false","north":"true","south":"true","up":"false","waterlogged":"false","west":"false"}				same-type persisted north/south topology
straight-gas-south-end	straight-topology	220	100	206	pipez:gas_pipe	{"down":"false","east":"false","has_data":"false","north":"true","south":"false","up":"false","waterlogged":"false","west":"false"}				same-type persisted north/south topology
six-way-center	six-way-topology	232	102	210	pipez:universal_pipe	{"down":"true","east":"true","has_data":"false","north":"true","south":"true","up":"true","waterlogged":"false","west":"true"}				all six ordinary arm rotations on one center
six-way-arm-down	six-way-topology	232	101	210	pipez:universal_pipe	{"down":"false","east":"false","has_data":"false","north":"false","south":"false","up":"true","waterlogged":"false","west":"false"}				universal down arm endpoint
six-way-arm-up	six-way-topology	232	103	210	pipez:universal_pipe	{"down":"true","east":"false","has_data":"false","north":"false","south":"false","up":"false","waterlogged":"false","west":"false"}				universal up arm endpoint
six-way-arm-north	six-way-topology	232	102	209	pipez:universal_pipe	{"down":"false","east":"false","has_data":"false","north":"false","south":"true","up":"false","waterlogged":"false","west":"false"}				universal north arm endpoint
six-way-arm-south	six-way-topology	232	102	211	pipez:universal_pipe	{"down":"false","east":"false","has_data":"false","north":"true","south":"false","up":"false","waterlogged":"false","west":"false"}				universal south arm endpoint
six-way-arm-west	six-way-topology	231	102	210	pipez:universal_pipe	{"down":"false","east":"true","has_data":"false","north":"false","south":"false","up":"false","waterlogged":"false","west":"false"}				universal west arm endpoint
six-way-arm-east	six-way-topology	233	102	210	pipez:universal_pipe	{"down":"false","east":"false","has_data":"false","north":"false","south":"false","up":"false","waterlogged":"false","west":"true"}				universal east arm endpoint
extractor-down	extractor-faces	196	102	224	pipez:item_pipe	{"down":"true","east":"false","has_data":"true","north":"false","south":"false","up":"false","waterlogged":"false","west":"false"}	pipez:item_pipe	down		one persisted extractor plate on the down face
extractor-up	extractor-faces	204	102	224	pipez:item_pipe	{"down":"false","east":"false","has_data":"true","north":"false","south":"false","up":"true","waterlogged":"false","west":"false"}	pipez:item_pipe	up		one persisted extractor plate on the up face
extractor-north	extractor-faces	212	102	224	pipez:item_pipe	{"down":"false","east":"false","has_data":"true","north":"true","south":"false","up":"false","waterlogged":"false","west":"false"}	pipez:item_pipe	north		one persisted extractor plate on the north face
extractor-south	extractor-faces	220	102	224	pipez:item_pipe	{"down":"false","east":"false","has_data":"true","north":"false","south":"true","up":"false","waterlogged":"false","west":"false"}	pipez:item_pipe	south		one persisted extractor plate on the south face
extractor-west	extractor-faces	228	102	224	pipez:item_pipe	{"down":"false","east":"false","has_data":"true","north":"false","south":"false","up":"false","waterlogged":"false","west":"true"}	pipez:item_pipe	west		one persisted extractor plate on the west face
extractor-east	extractor-faces	236	102	224	pipez:item_pipe	{"down":"false","east":"true","has_data":"true","north":"false","south":"false","up":"false","waterlogged":"false","west":"false"}	pipez:item_pipe	east		one persisted extractor plate on the east face
extractor-multi	multi-extractor	196	102	236	pipez:universal_pipe	{"down":"false","east":"true","has_data":"true","north":"true","south":"false","up":"true","waterlogged":"false","west":"false"}	pipez:universal_pipe	east,north,up		three stable extractor plates compose without transient flow
disconnected-west	persisted-disconnection	210	102	236	pipez:item_pipe	{"down":"false","east":"false","has_data":"true","north":"false","south":"false","up":"false","waterlogged":"false","west":"false"}	pipez:item_pipe		east	adjacent same-type pair with east connection disabled
disconnected-east	persisted-disconnection	211	102	236	pipez:item_pipe	{"down":"false","east":"false","has_data":"true","north":"false","south":"false","up":"false","waterlogged":"false","west":"false"}	pipez:item_pipe		west	adjacent same-type pair with west connection disabled
waterlogged-item	waterlogged	224	102	236	pipez:item_pipe	{"down":"false","east":"false","has_data":"false","north":"false","south":"false","up":"false","waterlogged":"true","west":"false"}				BlueMap outer renderer supplies the stock water overlay
